{
  "rmseX": 0.00716,
  "rmseY": 0.00660,
  "rmseHeading": 0.03120,
  "maxCurrentAmps": 1.162,
  "sampleCount": 931
}