{
  "rmseX": 0.25856,
  "rmseY": 0.38181,
  "rmseHeading": 2.24022,
  "maxCurrentAmps": 1.162,
  "sampleCount": 2689
}