{
  "rmseX": 0.00746,
  "rmseY": 0.33253,
  "rmseHeading": 0.02898,
  "maxCurrentAmps": 1.162,
  "sampleCount": 2698
}