{
  "rmseX": 0.00997,
  "rmseY": 0.01040,
  "rmseHeading": 0.02477,
  "maxCurrentAmps": 1.162,
  "sampleCount": 2676
}