{
  "rmseX": 0.02241,
  "rmseY": 0.09988,
  "rmseHeading": 0.02884,
  "maxCurrentAmps": 3.360,
  "sampleCount": 1188
}