{
  "rmseX": 0.01426,
  "rmseY": 0.06668,
  "rmseHeading": 0.03165,
  "maxCurrentAmps": 3.333,
  "sampleCount": 1067
}