{
  "rmseX": 0.01359,
  "rmseY": 0.01973,
  "rmseHeading": 0.03320,
  "maxCurrentAmps": 2.998,
  "sampleCount": 1343
}