{
  "rmseX": 0.00496,
  "rmseY": 0.01021,
  "rmseHeading": 0.00775,
  "maxCurrentAmps": 4.200,
  "sampleCount": 274990
}