{
  "rmseX": 0.01310,
  "rmseY": 0.09188,
  "rmseHeading": 0.02964,
  "maxCurrentAmps": 3.270,
  "sampleCount": 1232
}