{
  "rmseX": 0.01128,
  "rmseY": 0.09792,
  "rmseHeading": 0.03083,
  "maxCurrentAmps": 3.347,
  "sampleCount": 1101
}