{
  "rmseX": 0.00949,
  "rmseY": 0.04788,
  "rmseHeading": 0.03104,
  "maxCurrentAmps": 2.998,
  "sampleCount": 1330
}